Feature,Importance
MonthlyIncome,0.07753616933075233
Age,0.06906580402373887
TotalWorkingYears,0.06322422710286393
DailyRate,0.05606712498532184
HourlyRate,0.05292115810073951
MonthlyRate,0.05054653494079031
DistanceFromHome,0.04858760925978165
YearsAtCompany,0.04242798494315104
OverTime,0.04021449407613841
NumCompaniesWorked,0.03717788951885868
